Feature ID	Taxon	Confidence
fea0af72ca886653c3a96e93dca352fa	d__Bacteria;p__Gemmatimonadota;c__S0134_terrestrial_group;o__S0134_terrestrial_group;f__S0134_terrestrial_group;g__S0134_terrestrial_group;s__	0.8668629325536535
32b1cedd3bdabdbd0ff5537610bfde03	d__Bacteria;p__Chloroflexi;c__Chloroflexia;o__Thermomicrobiales;f__JG30-KF-CM45;g__JG30-KF-CM45;s__	0.9999449008155477
57128fd111428db15b4ec577fbef0c05	d__Bacteria;p__Actinobacteriota;c__Thermoleophilia;o__Solirubrobacterales;f__67-14;g__67-14;s__	0.908867638334186
f15b34d8d78383dcb16ccbd291dd6cd1	d__Bacteria;p__Firmicutes;c__Bacilli	0.9744300904950016
6898520892f36d2f9597b1c708e294f0	d__Bacteria;p__Firmicutes;c__Bacilli;o__Bacillales;f__Planococcaceae	0.9684386821668967
0cb5f6fb2c71d001b39120ff9a9167dc	d__Bacteria;p__Actinobacteriota;c__Rubrobacteria;o__Rubrobacterales;f__Rubrobacteriaceae;g__Rubrobacter;s__	0.9999724250892802
4cb288686955fe52f81301d76f353c2c	d__Bacteria;p__Myxococcota;c__Myxococcia;o__Myxococcales;f__Myxococcaceae	0.9999194923460055
0b533f8dfe4baaa9ffe85c19be904d23	d__Archaea;p__Crenarchaeota;c__Nitrososphaeria;o__Nitrososphaerales;f__Nitrososphaeraceae;g__Nitrososphaeraceae;s__	0.8534242881593493
33df832b1e9ad54c3558fabb4cc38aa3	d__Bacteria;p__Actinobacteriota;c__Thermoleophilia;o__Gaiellales	0.9999969852622839
ac0c1f67c014a92423a4aa57ab28a535	d__Bacteria;p__Proteobacteria;c__Alphaproteobacteria	0.9894550119218575
33520c143e2b7629695683b8ab6557f2	d__Bacteria;p__Actinobacteriota;c__Thermoleophilia;o__Solirubrobacterales;f__67-14;g__67-14;s__	0.7586815760688302
5eee6273221f15d4e0cdc2c033f0dd72	d__Bacteria;p__Actinobacteriota;c__Thermoleophilia;o__Gaiellales;f__uncultured;g__uncultured;s__	0.9939602439682962
1531ab8d806a1ebbdfa11d2327d63cc0	d__Bacteria;p__Actinobacteriota;c__MB-A2-108;o__MB-A2-108;f__MB-A2-108;g__MB-A2-108;s__	0.9910909710182784
dd4cb523de631c187d35da353221661a	d__Bacteria;p__Chloroflexi;c__Chloroflexia;o__Thermomicrobiales;f__Thermomicrobiaceae;g__Nitrolancea;s__	0.9616309206117143
8c0e1fdd738aa73088440f7c6fce6519	d__Bacteria;p__Planctomycetota;c__Planctomycetes;o__Pirellulales;f__Pirellulaceae;g__uncultured;s__	0.9231491826858459
4987189e46ad46e93054a098eb5f74fb	d__Bacteria;p__Actinobacteriota;c__Thermoleophilia;o__Solirubrobacterales	0.9765739196804493
031d65be6f2ef3b486a71406319d4223	d__Bacteria;p__Actinobacteriota;c__Actinobacteria;o__Frankiales;f__uncultured;g__uncultured;s__	0.7458356931765461
dc8a2f47b3d1dc2e1f5f805891976b29	d__Bacteria;p__Proteobacteria;c__Gammaproteobacteria;o__Burkholderiales	0.9999999769519085
e9606ca05bb9183bd86f3c8de48d3b43	d__Bacteria;p__Actinobacteriota;c__Rubrobacteria;o__Rubrobacterales;f__Rubrobacteriaceae;g__Rubrobacter;s__	0.9999807607753523
fbeced19be9e0e6cd278e5f70a447f3b	d__Bacteria;p__Actinobacteriota;c__Actinobacteria;o__Streptomycetales;f__Streptomycetaceae	0.9999831301380697
158074f8225b5fd82f66c2274b8a500a	d__Bacteria;p__Actinobacteriota;c__Actinobacteria;o__0319-7L14;f__0319-7L14;g__0319-7L14;s__	0.9948979275146171
95ac89eaea18a43900e94598cbc89c76	d__Bacteria;p__Chloroflexi	0.956775649528252
b73096ada761a1c5cd3bb7d7aabae2cb	d__Bacteria;p__Gemmatimonadota;c__Gemmatimonadetes;o__Gemmatimonadales;f__Gemmatimonadaceae;g__uncultured;s__	0.756385426844838
b2e00f10d2ddcc8d2f82a1a2c31f010a	d__Bacteria;p__Actinobacteriota;c__Actinobacteria	0.9999532704511531
b81d437663f6fa47595d54669713c504	d__Bacteria;p__Firmicutes;c__Bacilli;o__Paenibacillales;f__Paenibacillaceae;g__Paenibacillus;s__	0.8922398191943091
852a750de876ea3df72964817d9fdd84	d__Bacteria;p__Actinobacteriota;c__Acidimicrobiia;o__Microtrichales;f__uncultured;g__uncultured;s__	0.9906576025772391
f31d6dfeec66b22ac98f0605d57e7bb4	d__Bacteria;p__Actinobacteriota;c__Thermoleophilia;o__Solirubrobacterales;f__67-14;g__67-14;s__	0.8174361497595646
1d4888bd415d379d3ed485376cc6c724	d__Bacteria;p__Verrucomicrobiota;c__Verrucomicrobiae;o__Opitutales;f__Opitutaceae;g__Opitutus;s__	0.9130769235945841
91d5ab0f5eee7c9336abcc6bb0b9c4f0	d__Bacteria;p__Proteobacteria;c__Gammaproteobacteria;o__Steroidobacterales;f__Steroidobacteraceae	0.9991183174257536
97fba611c33148ca4f36e745cd306e43	d__Bacteria;p__Actinobacteriota;c__Thermoleophilia;o__Solirubrobacterales;f__Solirubrobacteraceae;g__Solirubrobacter;s__	0.9943591605508697
d437c24d6fce2c9d40e606e796f6687a	d__Bacteria;p__Acidobacteriota;c__Vicinamibacteria;o__Vicinamibacterales;f__Vicinamibacteraceae;g__Vicinamibacteraceae;s__	0.8377447260371712
fda1e81b6bd420f0acc131ac7ecb6ea2	d__Bacteria;p__Actinobacteriota;c__Thermoleophilia;o__Solirubrobacterales;f__67-14;g__67-14;s__	0.7373801316277345
935f3e64decfadb580878bb77719a1e7	d__Bacteria;p__Bacteroidota;c__Bacteroidia;o__Chitinophagales;f__Chitinophagaceae;g__Niastella;s__	0.7323698912234675
1b3c49af361cfe385e0a07ee6da2b062	d__Bacteria;p__Actinobacteriota;c__Thermoleophilia;o__Gaiellales;f__uncultured;g__uncultured;s__	0.978682358093264
06015966d1dd0068124c96513b491552	d__Bacteria;p__Actinobacteriota;c__Thermoleophilia;o__Solirubrobacterales;f__67-14;g__67-14;s__	0.886464796096303
e7e19b672a061e119437a7cf815db964	d__Bacteria;p__Acidobacteriota;c__Blastocatellia;o__Pyrinomonadales;f__Pyrinomonadaceae;g__RB41;s__	0.9190669081843786
89cbe3f98539204c68b71e11ace57670	d__Bacteria;p__Actinobacteriota;c__Thermoleophilia;o__Solirubrobacterales;f__Solirubrobacteraceae;g__Conexibacter;s__	0.8665778695759815
c1e22fceefc9cdb560565df893c0f7bf	d__Archaea;p__Crenarchaeota;c__Nitrososphaeria;o__Nitrososphaerales;f__Nitrososphaeraceae;g__Candidatus_Nitrososphaera;s__	0.9960846977135346
d38a811360b907b976c54532217cf00f	d__Bacteria;p__Proteobacteria;c__Gammaproteobacteria;o__Burkholderiales;f__Oxalobacteraceae	0.7490945362288779
ba41aa437ffad8d1792c6b67402e7a85	d__Bacteria;p__Chloroflexi;c__Chloroflexia;o__Thermomicrobiales;f__JG30-KF-CM45;g__JG30-KF-CM45;s__	0.9911366217907919
4dee3cd194bdc2c202e695b695fcedd7	d__Bacteria;p__Planctomycetota;c__Planctomycetes;o__Gemmatales;f__Gemmataceae;g__uncultured;s__	0.8458461769856908
c9b182bfcf8794bbf31eb717ec80215e	d__Bacteria;p__Acidobacteriota;c__Vicinamibacteria;o__Vicinamibacterales;f__uncultured;g__uncultured;s__	0.962330679313745
dbc7b6bc64d7184cc0e8f56a391ccd87	d__Bacteria;p__Actinobacteriota;c__Thermoleophilia;o__Gaiellales;f__uncultured;g__uncultured;s__	0.9170749831978784
f8119db23244cad00bfddec7a80fb161	d__Bacteria;p__Actinobacteriota;c__Actinobacteria;o__Propionibacteriales;f__Nocardioidaceae;g__Aeromicrobium;s__	0.9946745968112909
40045c85a0f11be2eefe0b32adb76fb7	d__Bacteria;p__Proteobacteria;c__Gammaproteobacteria;o__Nitrosococcales;f__Nitrosococcaceae;g__wb1-P19;s__	0.969394621801951
d1837bd2164bfa2e4c69170efc4c2279	d__Bacteria;p__Actinobacteriota;c__Actinobacteria;o__Pseudonocardiales;f__Pseudonocardiaceae;g__Actinophytocola;s__	0.8732862678518216
da21703c61673bd49877c4dc3239309c	d__Bacteria;p__Proteobacteria;c__Gammaproteobacteria;o__Burkholderiales;f__Nitrosomonadaceae;g__MND1;s__	0.9999694827738909
d11fd106956321f7010c8f7b9da4390b	d__Bacteria;p__Actinobacteriota;c__Acidimicrobiia;o__Microtrichales;f__uncultured;g__uncultured;s__	0.990548883613881
4f52ef70709f6baf6ff9e9409f25d251	d__Bacteria;p__Gemmatimonadota;c__Gemmatimonadetes;o__Gemmatimonadales;f__Gemmatimonadaceae;g__uncultured;s__	0.998313535632399
bdb152823a97308c1f049837f0cf13db	d__Bacteria;p__Verrucomicrobiota;c__Verrucomicrobiae;o__Chthoniobacterales;f__Chthoniobacteraceae;g__Candidatus_Udaeobacter;s__	0.9924139122078053
14440ff99dac4bafa3c3a275dde92935	d__Bacteria;p__Actinobacteriota;c__Actinobacteria;o__0319-7L14;f__0319-7L14;g__0319-7L14;s__	0.9933847263189703
a5cbc16274023938dd533ee314a0aee6	d__Bacteria;p__Actinobacteriota;c__Thermoleophilia;o__Gaiellales;f__Gaiellaceae;g__Gaiella;s__	0.8617876020986663
c05a75b84137bf0aee32f934f85d3fb5	d__Bacteria;p__Firmicutes;c__Bacilli;o__Paenibacillales;f__Paenibacillaceae	0.9432199268678445
cce2171f35b1e589c529720a3bdd67a9	d__Bacteria;p__Proteobacteria;c__Alphaproteobacteria;o__Rhizobiales;f__Xanthobacteraceae	0.9999960566377385
28aadde4a14a67b52d7d18a5e0e915c1	d__Bacteria;p__Gemmatimonadota;c__Longimicrobia;o__Longimicrobiales;f__Longimicrobiaceae;g__Longimicrobiaceae;s__	0.9778273051366799
0cc8a757bb0e5fa69e7677e5b4f7f8ab	d__Bacteria;p__Bacteroidota;c__Bacteroidia;o__Chitinophagales;f__Chitinophagaceae	0.970976719377652
82bd79dc4db9e3681c376c90b1604fa8	d__Bacteria;p__Firmicutes;c__Bacilli;o__Bacillales	0.9981122175366445
9b93b0042b0a3fba92a57224122cea67	d__Bacteria;p__Actinobacteriota;c__Actinobacteria;o__Corynebacteriales;f__Mycobacteriaceae;g__Mycobacterium;s__	0.9998451741763135
4a1ec98cc7ff0ef48101703547317344	d__Bacteria;p__Actinobacteriota;c__Actinobacteria;o__Glycomycetales;f__Glycomycetaceae;g__Glycomyces;s__	0.9996623362675857
7dec4965667333a9713582024a0ce4d7	d__Bacteria;p__Actinobacteriota;c__Actinobacteria;o__0319-7L14;f__0319-7L14;g__0319-7L14;s__	0.9812561360395287
5ae984a77628c6893c56473778f39bd7	d__Bacteria;p__Acidobacteriota;c__Blastocatellia;o__Pyrinomonadales;f__Pyrinomonadaceae;g__RB41;s__	0.9603332797531727
c7e34fe205d2be967ae909136d769ba0	d__Bacteria;p__Nitrospirota;c__Nitrospiria;o__Nitrospirales;f__Nitrospiraceae;g__Nitrospira;s__	0.9265448945404928
ed9968f6b36166706e5309496bca8670	d__Bacteria;p__Bacteroidota;c__Bacteroidia;o__Cytophagales;f__Cyclobacteriaceae;g__uncultured;s__	0.7363631543712612
2850152e9029b6d465c566c0b9439c47	d__Bacteria;p__Actinobacteriota;c__Actinobacteria;o__Pseudonocardiales;f__Pseudonocardiaceae;g__Crossiella;s__	0.7300985542936771
efb42eeec38477328c8d0047db95aeaa	d__Bacteria;p__Gemmatimonadota;c__Longimicrobia;o__Longimicrobiales;f__Longimicrobiaceae;g__Longimicrobiaceae;s__	0.9710261550692652
f5cfb950631a0fc8c1d8f4931f15e2bb	d__Bacteria;p__Planctomycetota;c__Planctomycetes;o__Pirellulales;f__Pirellulaceae;g__uncultured;s__	0.8145453893276224
d6926b9a80c0cad15d1577390ca5fa1f	d__Bacteria;p__Acidobacteriota;c__Vicinamibacteria;o__Vicinamibacterales;f__uncultured;g__uncultured;s__	0.935188868515977
bd2427af1559a8cd3a6839d86776dd55	d__Bacteria;p__Bacteroidota;c__Bacteroidia;o__Sphingobacteriales;f__env.OPS_17;g__env.OPS_17;s__	0.9989680724073514
d866c166e935302c089602fad13adbb8	d__Bacteria;p__Proteobacteria;c__Alphaproteobacteria;o__Rhizobiales;f__Beijerinckiaceae	0.9999717843122284
2af0867af9c7fe84e71bae899effb3b3	d__Bacteria;p__Actinobacteriota;c__Actinobacteria;o__0319-7L14;f__0319-7L14;g__0319-7L14;s__	0.9987726573621739
530d6b1785a52a007379eb2f9239a56d	d__Bacteria;p__Acidobacteriota;c__Blastocatellia;o__Blastocatellales;f__Blastocatellaceae;g__Tellurimicrobium;s__	0.9395876604011474
abf03a1adafae45519bb6d9804982798	d__Bacteria;p__Actinobacteriota;c__Actinobacteria;o__Propionibacteriales;f__Nocardioidaceae;g__Kribbella;s__	0.9988766164442108
a41c121200a87e7f0fbc9d7447c01fdd	d__Bacteria;p__Verrucomicrobiota;c__Verrucomicrobiae;o__Chthoniobacterales;f__Chthoniobacteraceae;g__Candidatus_Udaeobacter;s__	0.9992343223700832
ec8c9f62bc1e19e8789739af924c49c0	d__Bacteria;p__Actinobacteriota;c__Thermoleophilia;o__Gaiellales;f__uncultured;g__uncultured;s__	0.9346388904882139
c6a6705874a49360a01c2b3fd39fe900	d__Bacteria;p__Actinobacteriota;c__Thermoleophilia;o__Solirubrobacterales;f__67-14;g__67-14;s__	0.939998451884612
eb20c1f9b35d2eee534963a5e95f4d1e	d__Bacteria;p__Gemmatimonadota;c__Gemmatimonadetes;o__Gemmatimonadales;f__Gemmatimonadaceae;g__uncultured;s__	0.9994925658538313
0e3912d8d825647b288063148afabe9a	d__Bacteria;p__Planctomycetota;c__Planctomycetes;o__Gemmatales;f__Gemmataceae;g__uncultured;s__	0.8961129146855464
f148327714ec61657740ecd597133bc9	d__Bacteria;p__Actinobacteriota;c__Rubrobacteria;o__Rubrobacterales;f__Rubrobacteriaceae;g__Rubrobacter;s__	0.9999675723392732
ab629e60faab5b6e45bbfa26f0170856	d__Bacteria	0.9999897294405498
c3bd77a0f6486c74b4b713ce8a5f285b	d__Bacteria;p__Bacteroidota;c__Bacteroidia;o__Sphingobacteriales;f__Sphingobacteriaceae;g__Anseongella;s__	0.9999964230159887
9096ea998e7a08d3d985ee5d89e26ba9	d__Bacteria;p__Actinobacteriota;c__Thermoleophilia;o__Solirubrobacterales;f__Solirubrobacteraceae;g__Conexibacter;s__	0.9681283883009364
6e4d034e4b967b745639f825dc73ebe6	d__Bacteria;p__Actinobacteriota;c__Actinobacteria;o__0319-7L14;f__0319-7L14;g__0319-7L14;s__	0.9768784736778858
dbaaec51eeca49cb19d683ec4ed2ea7a	d__Bacteria;p__Verrucomicrobiota;c__Verrucomicrobiae;o__Chthoniobacterales;f__Chthoniobacteraceae;g__Candidatus_Udaeobacter;s__	0.9999333513664134
31a1e59e19573cb1bf50fb3c04f95c88	d__Bacteria;p__Actinobacteriota;c__Actinobacteria;o__Pseudonocardiales;f__Pseudonocardiaceae;g__Kibdelosporangium;s__	0.8674766535101881
71826ff1fc1c26e2bdac7ff63f523c91	d__Bacteria;p__Verrucomicrobiota;c__Verrucomicrobiae;o__Chthoniobacterales;f__Chthoniobacteraceae;g__Chthoniobacter;s__	0.9980740099302049
352875c83f4adf659984d683666d2038	d__Bacteria;p__Actinobacteriota;c__Thermoleophilia;o__Gaiellales;f__Gaiellaceae;g__Gaiella;s__	0.812245304898023
4751d14ceac1b40af3164091d4befef0	d__Bacteria;p__Actinobacteriota;c__Thermoleophilia;o__Solirubrobacterales;f__Solirubrobacteraceae;g__Solirubrobacter;s__	0.9951506514232897
ebae8b5d104a84994cefd775af965d48	d__Bacteria;p__Chloroflexi;c__AD3;o__AD3;f__AD3;g__AD3;s__	0.9803300954165151
b084a452de099225986327c2ebd3454b	d__Bacteria;p__Actinobacteriota;c__Thermoleophilia;o__Solirubrobacterales;f__67-14;g__67-14;s__	0.9157044744846026
62dde5be965f02855822c7099f1b6aa2	d__Bacteria;p__Actinobacteriota;c__Actinobacteria	0.9993404741755965
3c703f115aed582b555318859da983da	d__Bacteria;p__Firmicutes;c__Bacilli;o__Bacillales;f__Planococcaceae	0.9658159617936547
b527a467eb3b739196827a151c4f9c30	d__Bacteria;p__Firmicutes;c__Bacilli;o__Paenibacillales;f__Paenibacillaceae;g__Paenibacillus;s__	0.7122977923986934
0315e6f7a3f7c331bc0cec65134f53c8	d__Bacteria;p__Chloroflexi;c__KD4-96;o__KD4-96;f__KD4-96;g__KD4-96;s__	0.9972512960957118
9279403ab31c9b2574b09cef10f08586	d__Bacteria;p__Firmicutes;c__Bacilli;o__Paenibacillales;f__Paenibacillaceae;g__Ammoniphilus;s__	0.9942350573227401
3006e493917aba81055ab08cdc920dac	d__Bacteria;p__Firmicutes;c__Bacilli;o__Bacillales;f__Bacillaceae	0.9052549427277786
14a7b061e94506a22f6c2e448b4810d7	d__Bacteria;p__Actinobacteriota;c__Acidimicrobiia;o__uncultured;f__uncultured;g__uncultured;s__	0.850423744041253
d77495f5ee973c882fee45fc5fbf77a5	d__Bacteria;p__Actinobacteriota;c__Thermoleophilia;o__Gaiellales;f__uncultured;g__uncultured;s__	0.9945255637795
8440e35caf355a51c30dd3fac4d7658c	d__Bacteria;p__Bacteroidota;c__Bacteroidia;o__Chitinophagales;f__Chitinophagaceae;g__uncultured;s__	0.8758011465526805
58bff7fe799e21d15a0d2891a44e60d2	d__Bacteria;p__Actinobacteriota;c__Actinobacteria;o__Glycomycetales;f__Glycomycetaceae;g__Glycomyces;s__	0.9999835576673236
1f039ad557a5f14538c140746431d22f	d__Bacteria;p__Bacteroidota;c__Bacteroidia;o__Chitinophagales;f__Chitinophagaceae	0.9991194779761106
9537c343f54aa56f292a9c9c52dbaba1	d__Bacteria;p__Verrucomicrobiota;c__Verrucomicrobiae;o__Chthoniobacterales;f__Chthoniobacteraceae;g__Candidatus_Udaeobacter;s__	0.998634933610801
4af45d65e7c6db259c975ec3cdc0ae11	d__Bacteria;p__Actinobacteriota;c__Actinobacteria;o__Propionibacteriales;f__Nocardioidaceae;g__Kribbella;s__	0.9999931701549549
5327c9092236aa20ecbef2438984f000	d__Bacteria;p__Actinobacteriota;c__Rubrobacteria;o__Rubrobacterales;f__Rubrobacteriaceae;g__Rubrobacter;s__	0.9999790806078244
f6c10a04d57159c0d64d6bc30c677471	d__Bacteria;p__Proteobacteria;c__Alphaproteobacteria;o__Sphingomonadales;f__Sphingomonadaceae;g__Sphingomonas;s__	0.8363182226404335
12d24bd3c66333175091cc8d9eba61cd	d__Bacteria;p__Chloroflexi;c__Anaerolineae	0.8780583371282908
3054bb993f4f678fdb73176ef2675e29	d__Bacteria;p__Bacteroidota;c__Bacteroidia;o__Cytophagales;f__Microscillaceae	0.9998899359668662
9f749640ff795e2ec00098305514bac6	d__Bacteria;p__Actinobacteriota;c__Actinobacteria;o__0319-7L14;f__0319-7L14;g__0319-7L14;s__	0.7939848665796065
476ca54c0b962e7b62e01fb0fc01890f	d__Bacteria;p__Actinobacteriota;c__Thermoleophilia;o__Solirubrobacterales	0.8987670774865814
f1998b7237e46551e0b93accaf98dd7f	d__Bacteria;p__Actinobacteriota;c__MB-A2-108;o__MB-A2-108;f__MB-A2-108;g__MB-A2-108;s__	0.9741804257317245
40b5e61feb3e2ee3b6b3ab77797e14b0	d__Bacteria;p__Actinobacteriota;c__Thermoleophilia;o__Gaiellales;f__Gaiellaceae;g__Gaiella;s__	0.7050401101440688
409faa5f5353e543bf6d99125c7c0e83	d__Bacteria;p__Proteobacteria;c__Gammaproteobacteria	0.9979308579706163
6d45a0e1c53bfcd8b5285a7793ebbdae	d__Bacteria;p__Acidobacteriota;c__Vicinamibacteria;o__Vicinamibacterales;f__uncultured;g__uncultured;s__	0.8174278777147463
349a3fe9ea1dbb78b09bcb2ed7be9b9e	d__Bacteria;p__Actinobacteriota;c__Acidimicrobiia	0.853674441087466
8eb2ff504e6159773f4ae4c192637c74	d__Bacteria;p__Actinobacteriota;c__Rubrobacteria;o__Rubrobacterales;f__Rubrobacteriaceae;g__Rubrobacter;s__	0.9992700155092749
e043936a0f7ec9177eaaf79e4bbe8631	d__Bacteria;p__Proteobacteria;c__Gammaproteobacteria;o__Nitrosococcales;f__Nitrosococcaceae;g__wb1-P19;s__	0.8778149097979154
f922bb836523db0b8e265a464de54690	d__Bacteria;p__Proteobacteria;c__Alphaproteobacteria;o__Sphingomonadales;f__Sphingomonadaceae;g__Sphingomonas;s__	0.9680302928865582
45e4364ffb37868633b53e176d598b5e	d__Bacteria;p__Actinobacteriota;c__Thermoleophilia;o__Solirubrobacterales;f__67-14;g__67-14;s__	0.8596588947125494
cf8527ab06525df71af232b40bd43a82	d__Bacteria;p__Actinobacteriota;c__MB-A2-108;o__MB-A2-108;f__MB-A2-108;g__MB-A2-108;s__	0.9841957860141638
d44358b08d44c4efb4142f41bcf54cb6	d__Archaea;p__Crenarchaeota;c__Nitrososphaeria;o__Nitrososphaerales;f__Nitrososphaeraceae;g__Candidatus_Nitrososphaera;s__	0.9981187171449579
f35e82529d697d829afc4c4dd9a46164	d__Bacteria;p__Proteobacteria;c__Alphaproteobacteria;o__Reyranellales;f__Reyranellaceae;g__Reyranella;s__	0.9999998365142339
8a69477258e91739e2b780b8dff1ce53	d__Bacteria;p__Chloroflexi;c__Chloroflexia;o__Thermomicrobiales;f__JG30-KF-CM45;g__JG30-KF-CM45;s__	0.7060253866270416
e54fca6f1a506bfe90b8506cfa87ad1b	d__Bacteria;p__Actinobacteriota;c__Rubrobacteria;o__Rubrobacterales;f__Rubrobacteriaceae;g__Rubrobacter;s__	0.9999402538037774
6466aa53adc18d74c66bfebb47d6c1fb	d__Bacteria;p__Firmicutes;c__Bacilli;o__Bacillales;f__Planococcaceae	0.9746679101088604
2fe6627beef14dac525bc531d74f3463	d__Bacteria;p__Actinobacteriota;c__Thermoleophilia;o__Gaiellales;f__uncultured;g__uncultured;s__	0.9478222498831325
e91a1446c70f605be06a59c200c30ef5	d__Bacteria	0.9994340678285513
7105bd3f7e2806f37ec3f83f0698317b	d__Bacteria;p__Actinobacteriota;c__Thermoleophilia;o__Solirubrobacterales;f__Solirubrobacteraceae;g__Conexibacter;s__	0.8318655072084848
896fb236b8c1befaf83dc22ddafebff9	d__Bacteria;p__Acidobacteriota;c__Blastocatellia;o__Pyrinomonadales;f__Pyrinomonadaceae;g__RB41;s__	0.876637063336832
e1b9495f82b05c4ee6c846006f5f29b4	d__Bacteria;p__Proteobacteria;c__Gammaproteobacteria	0.9958711160096607
2e0574d6da02e21ae453d147927e978c	d__Bacteria;p__Actinobacteriota;c__Actinobacteria;o__0319-7L14;f__0319-7L14;g__0319-7L14;s__	0.9907179668044815
190fbc95d9d1e00861a65edc9b7a058f	d__Bacteria;p__Proteobacteria;c__Alphaproteobacteria;o__Rhizobiales;f__Xanthobacteraceae	0.9999949716437098
2e9ecec3d8ec8b9297ec475a43ea4ed4	d__Bacteria;p__Actinobacteriota;c__Thermoleophilia;o__Solirubrobacterales;f__67-14;g__67-14;s__	0.9395063765882951
7158b5b009219b1fc3e89f0faeedd765	d__Bacteria;p__Methylomirabilota;c__Methylomirabilia;o__Rokubacteriales;f__Rokubacteriales;g__Rokubacteriales;s__	0.9999888838902208
429fae1ed51db48c753a817da6c188f7	d__Bacteria;p__Actinobacteriota;c__Actinobacteria;o__Propionibacteriales;f__Nocardioidaceae;g__Nocardioides;s__	0.9991745970011193
3e1f3b451c6114611f81384132971100	d__Bacteria;p__Chloroflexi;c__Chloroflexia;o__Thermobaculales;f__Thermobaculaceae;g__Thermobaculum;s__	0.9851343899275781
4047bd25b780e1584cbb48f50cf9012d	d__Bacteria;p__Planctomycetota;c__Phycisphaerae;o__Tepidisphaerales;f__WD2101_soil_group;g__WD2101_soil_group;s__	0.9992562295053957
f7c2059169d7803799c19fa78c6061ba	d__Bacteria	0.9987845860974822
9b86760f1d24e78119093f5f08f45f71	d__Bacteria;p__Actinobacteriota;c__Actinobacteria;o__Streptomycetales;f__Streptomycetaceae;g__Streptomyces;s__	0.925560170972233
490de838a2f5b3ff5350815e7a78cf43	d__Bacteria;p__Verrucomicrobiota;c__Verrucomicrobiae;o__Chthoniobacterales;f__Chthoniobacteraceae;g__Candidatus_Udaeobacter;s__	0.9998868797752138
82b00dc653baccfe6727543bf3ad64e4	d__Bacteria;p__Firmicutes;c__Bacilli;o__Paenibacillales;f__Paenibacillaceae;g__Paenibacillus;s__	0.9427966003270788
1b0e3c4679b069d6ba97f83a03e9c101	d__Bacteria;p__Chloroflexi;c__Chloroflexia;o__Thermomicrobiales;f__JG30-KF-CM45;g__JG30-KF-CM45;s__	0.9865200603715168
0aeecdce925a3a822b1eed2895bcb770	d__Bacteria;p__Actinobacteriota;c__Thermoleophilia;o__Solirubrobacterales	0.8566870991470878
96cd5ad17f431e4af4d276d708b37fe4	d__Bacteria;p__Acidobacteriota;c__Thermoanaerobaculia;o__Thermoanaerobaculales;f__Thermoanaerobaculaceae;g__Subgroup_10;s__	0.9870251228253994
7f913ab38219d5de3a313aee66e4f20a	d__Bacteria;p__Proteobacteria;c__Gammaproteobacteria;o__Nitrosococcales;f__Nitrosococcaceae;g__wb1-P19;s__	0.8527870775149669
47935dcd41fc6570847e68ea6423cc43	d__Bacteria;p__Acidobacteriota;c__Acidobacteriae;o__Bryobacterales;f__Bryobacteraceae;g__Bryobacter;s__	0.9657414268157898
0013c1743927ee19a962b903b8990896	d__Bacteria;p__Verrucomicrobiota;c__Verrucomicrobiae;o__Chthoniobacterales;f__Chthoniobacteraceae;g__Candidatus_Udaeobacter;s__	0.9990051956303698
777331fa36e83511928b036186f25c22	d__Bacteria;p__Proteobacteria;c__Gammaproteobacteria	0.9952337571963855
0bde286fa0deb11f9d77741947d3d5a3	d__Bacteria;p__Actinobacteriota;c__Thermoleophilia;o__Gaiellales;f__uncultured;g__uncultured;s__	0.7494249378297068
ce6b49bab0851644749e892e745d50db	d__Bacteria;p__Actinobacteriota;c__Actinobacteria;o__Propionibacteriales;f__Nocardioidaceae;g__Nocardioides;s__	0.9988638841040302
f79c6e9ebc80e5800a9cebbfe4f0dbb9	d__Bacteria;p__Acidobacteriota;c__Blastocatellia;o__Pyrinomonadales;f__Pyrinomonadaceae;g__RB41;s__	0.9318471071262218
3a838a673b5edfe40deab86ea4958967	d__Bacteria;p__Verrucomicrobiota;c__Verrucomicrobiae;o__Chthoniobacterales;f__Chthoniobacteraceae;g__Candidatus_Udaeobacter;s__	0.9998607636876639
46e33432f808a2db94ee58b642108e95	d__Bacteria;p__Proteobacteria;c__Gammaproteobacteria;o__Burkholderiales;f__Oxalobacteraceae	0.9895794957517132
5c68019295b8c9b20388c7a206ae474e	d__Bacteria;p__Firmicutes;c__Bacilli;o__Paenibacillales;f__Paenibacillaceae;g__Oxalophagus;s__	0.9570716136904653
c7f727ec24e7d77af7559b458ef7b212	d__Bacteria;p__Proteobacteria;c__Alphaproteobacteria;o__Sphingomonadales;f__Sphingomonadaceae	0.9998657462091108
0d58e31838e84ccfcfa64aa3e283d3d7	d__Bacteria;p__Verrucomicrobiota;c__Verrucomicrobiae;o__Chthoniobacterales;f__Chthoniobacteraceae;g__Candidatus_Udaeobacter;s__	0.9996476277594608
2d782ae41d907a9b8ccb7065152f695f	d__Bacteria;p__Proteobacteria;c__Gammaproteobacteria;o__Nitrosococcales;f__Nitrosococcaceae;g__SZB85;s__	0.9102266422092566
e8bdd40ec88fe60859fd9f4a4b194890	d__Bacteria;p__Actinobacteriota;c__Thermoleophilia;o__Gaiellales;f__uncultured;g__uncultured;s__	0.9556506438298552
55d9bfcfdf6da088d2b2b037555f75c4	d__Bacteria;p__Actinobacteriota;c__Thermoleophilia;o__Solirubrobacterales;f__Solirubrobacteraceae;g__Solirubrobacter;s__	0.7200034766260477
be1284828e0eb4a4a4165318075d2f7a	d__Bacteria;p__Chloroflexi;c__Ktedonobacteria;o__B12-WMSP1;f__B12-WMSP1;g__B12-WMSP1;s__	0.9998022881641954
88c9ac17b2e1cacbe1ce3a90fe118fa7	d__Bacteria;p__Actinobacteriota;c__Thermoleophilia;o__Gaiellales;f__uncultured;g__uncultured;s__	0.9897966247474377
ef3fdbe1dcde754d91130cde6a4b4d61	d__Bacteria;p__Gemmatimonadota;c__Gemmatimonadetes;o__Gemmatimonadales;f__Gemmatimonadaceae;g__uncultured;s__	0.9988782527614086
fbd7af683aa631721b10981e03fb3188	d__Bacteria;p__Gemmatimonadota;c__Gemmatimonadetes;o__Gemmatimonadales;f__Gemmatimonadaceae;g__uncultured;s__	0.996087891045495
8f7351b88293451571e8fdb902c26462	d__Bacteria;p__Actinobacteriota;c__Actinobacteria;o__Streptomycetales;f__Streptomycetaceae;g__Streptomyces;s__	0.9720537581535915
a74a603c1e3cd8073822c0aa295a81d3	d__Bacteria;p__Actinobacteriota;c__Actinobacteria;o__0319-7L14;f__0319-7L14;g__0319-7L14;s__	0.9753720446289332
864ca46b31a95e6a18db619bcf996393	d__Bacteria;p__Acidobacteriota;c__Holophagae;o__Subgroup_7;f__Subgroup_7;g__Subgroup_7;s__	0.9947113088818654
608b2702d9add6416695534f2defc137	d__Bacteria;p__Actinobacteriota;c__Actinobacteria;o__Euzebyales;f__Euzebyaceae;g__uncultured;s__	0.9951941614396566
5987b97497dc2c6f7c3d690526ea34b0	d__Bacteria;p__Proteobacteria;c__Gammaproteobacteria	0.9972543354604999
1237d5925a7176fced9dda961a86c684	d__Bacteria;p__Proteobacteria;c__Gammaproteobacteria	0.9965515648310672
b57bc5dcf6016bb5817cc2a545dcaad8	d__Bacteria;p__Actinobacteriota;c__Acidimicrobiia;o__IMCC26256;f__IMCC26256;g__IMCC26256;s__	0.9305293756023665
9677575293f026cff1a9aa605a87e3dd	d__Bacteria;p__Chloroflexi;c__P2-11E;o__P2-11E;f__P2-11E;g__P2-11E;s__	0.9999698127682717
2ed2ea1c7134c02475acd9f392ee2c52	d__Bacteria;p__Chloroflexi;c__Anaerolineae;o__RBG-13-54-9;f__RBG-13-54-9;g__RBG-13-54-9;s__	0.7048445582537539
7d11b5fa727f2fbd3402f37061e9a0fc	d__Bacteria;p__Chloroflexi;c__KD4-96;o__KD4-96;f__KD4-96;g__KD4-96;s__	0.9999441308242517
24884432a7b4a3b9c4886bd6784f5865	d__Bacteria;p__Proteobacteria;c__Alphaproteobacteria;o__Sphingomonadales;f__Sphingomonadaceae	0.9999831506158945
61a045faf09495a94e0b0746c5953e76	d__Bacteria;p__Proteobacteria;c__Alphaproteobacteria;o__Sphingomonadales;f__Sphingomonadaceae	0.9999832104590998
a05992133a32a299d1ad3c881b635f5e	d__Bacteria;p__Acidobacteriota;c__Thermoanaerobaculia;o__Thermoanaerobaculales;f__Thermoanaerobaculaceae;g__Subgroup_10;s__	0.9949520539765521
069799c2a3f3b3ba9b7608d9b747c086	d__Bacteria;p__Acidobacteriota;c__Vicinamibacteria;o__Vicinamibacterales;f__Vicinamibacteraceae;g__Vicinamibacteraceae;s__	0.8661886414337013
d41abca200bb1db23ee6ac9b73f59a02	d__Bacteria;p__Actinobacteriota;c__Actinobacteria;o__0319-7L14;f__0319-7L14;g__0319-7L14;s__	0.9492027929464947
6aa6f51248cab354b4894fb3e6c2dd8d	d__Bacteria;p__Acidobacteriota;c__Vicinamibacteria;o__Vicinamibacterales;f__uncultured;g__uncultured;s__	0.9106526849947576
25a9514b7a96f58f7997171c5f209919	d__Bacteria;p__Actinobacteriota;c__Actinobacteria;o__Pseudonocardiales;f__Pseudonocardiaceae;g__Pseudonocardia;s__	0.9855625493058691
2f74d0ac42d4b8a08c2d1b76e78d108c	d__Bacteria;p__Actinobacteriota;c__Actinobacteria;o__Pseudonocardiales;f__Pseudonocardiaceae;g__Pseudonocardia;s__	0.9819083662884234
2a349de45af71707eb065bca99a59a96	d__Bacteria;p__Actinobacteriota;c__Thermoleophilia;o__Solirubrobacterales	0.9138754940868691
8a102218dce16263b0d0ef18ffd527bb	d__Bacteria;p__Proteobacteria;c__Alphaproteobacteria;o__Rhizobiales;f__Beijerinckiaceae;g__Psychroglaciecola;s__	0.8568399022984655
6fc9554fe685c9a092777b82cc9a9382	d__Bacteria;p__Actinobacteriota;c__Thermoleophilia;o__Solirubrobacterales	0.7137718574027496
30e9c784bda85450098fc389fde6a834	d__Bacteria;p__Bacteroidota;c__Bacteroidia;o__Chitinophagales;f__Chitinophagaceae;g__Ferruginibacter;s__	0.9654910460010296
be14f09dcff86919291edbfd400ebd57	d__Bacteria;p__Firmicutes;c__Bacilli;o__Paenibacillales;f__Paenibacillaceae;g__Paenibacillaceae;s__	0.7081517875329094
8b9dd7ce78d4aa85ddd3a865524239af	d__Bacteria;p__Proteobacteria;c__Gammaproteobacteria	0.9935389293114402
9c5d473078be8a217d37cfd19d55f962	d__Bacteria;p__Chloroflexi;c__Chloroflexia;o__Kallotenuales;f__AKIW781;g__AKIW781;s__	0.9996962790698108
ccaa55626e977f2518aea581245b4801	d__Bacteria;p__Actinobacteriota;c__Actinobacteria;o__Propionibacteriales;f__Nocardioidaceae;g__Kribbella;s__	0.9999542431233761
a10971aa47eabc6dc40c417a24922c80	d__Bacteria	0.9999518763815332
7452a179b9a24c364642eeaade4d266f	d__Bacteria;p__Firmicutes;c__Bacilli;o__Paenibacillales;f__Paenibacillaceae;g__Ammoniphilus;s__	0.9944076114303637
d0898da6a9246aa427a635c0b4140f87	d__Bacteria;p__Acidobacteriota;c__Vicinamibacteria;o__Vicinamibacterales;f__Vicinamibacteraceae;g__Vicinamibacteraceae;s__	0.9170842013049166
0e699727f10ebe44242861c8013d3e5b	d__Bacteria;p__Proteobacteria;c__Alphaproteobacteria;o__Tistrellales;f__Geminicoccaceae;g__uncultured;s__	0.9917782401169597
c825d04bd6af31be7ed3193f0ebea8a8	d__Bacteria;p__Proteobacteria;c__Gammaproteobacteria;o__Burkholderiales;f__Nitrosomonadaceae;g__MND1;s__	0.9999764228506745
28df1c1787c97637be4f8a7fe41c1105	d__Bacteria;p__Actinobacteriota;c__Acidimicrobiia	0.9991274450915988
647834ce43585a045527cd75fdedcb71	d__Bacteria;p__Proteobacteria;c__Gammaproteobacteria	0.9993361794443526
aad681a664aef2b599535476700ce6b6	d__Bacteria;p__Verrucomicrobiota;c__Verrucomicrobiae;o__Chthoniobacterales;f__Chthoniobacteraceae;g__Candidatus_Udaeobacter;s__	0.999877093239735
45e4be8e16753ffd4bb4872bf6a35f37	d__Bacteria;p__Firmicutes;c__Bacilli;o__Bacillales;f__Bacillaceae	0.933695945674603
e4e8962b9fe62868270bb1c8b0429891	d__Bacteria;p__Proteobacteria;c__Gammaproteobacteria;o__Burkholderiales;f__Comamonadaceae;g__Variovorax;s__	0.7639695015501817
748853bf9cd992858aa55b715ad7aa8f	d__Bacteria;p__Actinobacteriota;c__Actinobacteria;o__Micrococcales;f__Microbacteriaceae	0.9976658338441163
3fede05d7bb19cd5ca74f88f28082fcc	d__Bacteria;p__Verrucomicrobiota;c__Verrucomicrobiae;o__Chthoniobacterales;f__Chthoniobacteraceae;g__Candidatus_Udaeobacter;s__	0.9997638365620668
643f22dd504af4765d46e5b0720ea497	d__Bacteria;p__Actinobacteriota;c__Thermoleophilia;o__Gaiellales;f__uncultured;g__uncultured;s__	0.9294127864493176
892b0c3a180e5f4fe03cf39865a2f3a7	d__Bacteria;p__Actinobacteriota;c__Thermoleophilia;o__Gaiellales;f__uncultured;g__uncultured;s__	0.9939987781022377
24e9c725863735bd49ea92bbfd06ff22	d__Bacteria;p__Proteobacteria;c__Gammaproteobacteria;o__Burkholderiales;f__Nitrosomonadaceae;g__MND1;s__	0.9998997515926155
4ca02e17ff1a389f9bdd9eb488a01563	d__Bacteria;p__Actinobacteriota;c__Rubrobacteria;o__Rubrobacterales;f__Rubrobacteriaceae;g__Rubrobacter;s__	0.9999812144342376
29df4a8a59dafcfdce28202280d43683	d__Archaea;p__Crenarchaeota;c__Nitrososphaeria;o__Nitrososphaerales;f__Nitrososphaeraceae;g__Nitrososphaeraceae;s__	0.967781458700859
cea1b3be700a7c1ab50d459aad39b5f9	d__Bacteria;p__Proteobacteria;c__Alphaproteobacteria;o__Elsterales;f__uncultured;g__uncultured;s__	0.9815365360383883
5b983c86853d7bdcda87f632cf686d51	d__Bacteria;p__Chloroflexi;c__TK10;o__TK10;f__TK10;g__TK10;s__	0.9763552086622679
cf2cfcadddf976657338748e84a81460	d__Bacteria;p__Chloroflexi	0.9741999509522739
b85e1a2ff6a6738f7d40b6c0e7d7f3e1	d__Bacteria;p__Proteobacteria;c__Alphaproteobacteria;o__Sphingomonadales;f__Sphingomonadaceae;g__Sphingomonas;s__	0.7467134879960173
9031c211a611d2f79932e24f7ae367c8	d__Bacteria;p__Planctomycetota;c__Planctomycetes;o__Pirellulales;f__Pirellulaceae;g__Pirellula;s__	0.9888108736946648
013585c3016ad6ecb49fff813d12a080	d__Bacteria;p__Actinobacteriota;c__Thermoleophilia;o__Gaiellales;f__uncultured;g__uncultured;s__	0.9908054116353237
5f8082f4de7422e777531bf9bf8ef800	d__Bacteria;p__Planctomycetota;c__Phycisphaerae;o__Tepidisphaerales;f__WD2101_soil_group;g__WD2101_soil_group;s__	0.9991589185416674
2f56b45079173966551ddffe43501d5d	d__Bacteria;p__Actinobacteriota;c__Actinobacteria;o__Streptosporangiales;f__Thermomonosporaceae;g__Actinoallomurus;s__	0.9996403652802017
7a5c60c3e3ad44fe74ec48259de8e030	d__Bacteria;p__Actinobacteriota;c__Thermoleophilia;o__Gaiellales;f__uncultured;g__uncultured;s__	0.9675775225049588
a55c76a00f38acb391d3ec56b134a7c4	d__Bacteria;p__Proteobacteria;c__Alphaproteobacteria;o__Rhizobiales;f__Beijerinckiaceae;g__Methylobacterium-Methylorubrum;s__	0.9999727796724216
782067e385791e3969c640f40840a253	d__Bacteria;p__Actinobacteriota;c__Thermoleophilia;o__Solirubrobacterales;f__67-14;g__67-14;s__	0.905777962798585
d29cc49a6d90f4411f4afc3b2546c926	d__Bacteria;p__Bacteroidota;c__Bacteroidia;o__Bacteroidales;f__Muribaculaceae;g__Muribaculaceae;s__	0.9959091816878006
664c5245b6cbfea323173cf7123c585c	d__Bacteria;p__Gemmatimonadota;c__Gemmatimonadetes;o__Gemmatimonadales;f__Gemmatimonadaceae;g__uncultured;s__	0.9971217879134893
ddbc32632c9632d1dd746f28721f3a9f	d__Bacteria;p__Firmicutes;c__Bacilli;o__Paenibacillales;f__Paenibacillaceae;g__Ammoniphilus;s__	0.9838731908707149
c7a3c75d90688e68200e663a0c81ddb6	d__Bacteria;p__Proteobacteria;c__Gammaproteobacteria;o__Burkholderiales;f__Oxalobacteraceae;g__Massilia;s__	0.9937108953087093
ded89502cc2f5fb2bd1cd2fee3ba8f01	d__Bacteria;p__Actinobacteriota;c__Thermoleophilia;o__Solirubrobacterales;f__Solirubrobacteraceae;g__Solirubrobacter;s__	0.9958685367822953
1a3e8c70ee7dd7be9e8a002b0f90b670	d__Bacteria;p__Proteobacteria;c__Alphaproteobacteria;o__Sphingomonadales;f__Sphingomonadaceae;g__Sphingomonas;s__	0.9896021373134732
9f51698bee1527e6e927666710070636	d__Bacteria;p__Actinobacteriota;c__Thermoleophilia;o__Gaiellales;f__uncultured;g__uncultured;s__	0.8056836668196551
88d17d59e9681436cc60ba2ef049d35d	d__Archaea;p__Crenarchaeota;c__Nitrososphaeria;o__Nitrososphaerales;f__Nitrososphaeraceae;g__Nitrososphaeraceae;s__	0.9977259502110402
3ca3a86dad4ae9f2104ed9b3531a0271	d__Bacteria;p__Gemmatimonadota;c__AKAU4049;o__AKAU4049;f__AKAU4049;g__AKAU4049;s__	0.8009369360867515
be2339ed842e86a8cbdb994dc01e84ec	d__Bacteria;p__Actinobacteriota;c__Rubrobacteria;o__Rubrobacterales;f__Rubrobacteriaceae;g__Rubrobacter;s__	0.9999825686355164
655e97040f9dace2824b4e78ef544ac6	d__Bacteria;p__Actinobacteriota;c__Thermoleophilia;o__Gaiellales;f__Gaiellaceae;g__Gaiella;s__	0.8766038038404751
2c3d2e2ce9ebec620ea72be7d3969469	d__Bacteria;p__Chloroflexi;c__Chloroflexia;o__Thermomicrobiales;f__JG30-KF-CM45;g__JG30-KF-CM45;s__	0.9995639849691926
9745f842115b07c7c95f4f1a6ee1d515	d__Bacteria;p__Actinobacteriota;c__Actinobacteria;o__Euzebyales;f__Euzebyaceae;g__uncultured;s__	0.9990326706355606
7c20eab9de2880d8cc6895a591a2a368	d__Bacteria;p__Actinobacteriota;c__Rubrobacteria;o__Rubrobacterales;f__Rubrobacteriaceae;g__Rubrobacter;s__	0.9991601220150913
c471b243ae160f3817bd392932447fce	d__Bacteria;p__Actinobacteriota;c__Rubrobacteria;o__Rubrobacterales;f__Rubrobacteriaceae;g__Rubrobacter;s__	0.9999947026975111
4dacb2b1d88d9aeed64e103cc8ba42a1	d__Bacteria	0.9988799582008351
d4579db6ea66fa597bfe02b40a18bbbe	d__Bacteria;p__Proteobacteria;c__Gammaproteobacteria	0.9964273638447221
a7b877ae6d2f079a15b6b192a4425620	d__Bacteria;p__Actinobacteriota;c__Actinobacteria;o__Nitriliruptorales;f__Nitriliruptoraceae;g__Nitriliruptoraceae;s__	0.8714833239655486
92f28f07b03af23770013fe8e8991cca	d__Bacteria;p__Actinobacteriota;c__Acidimicrobiia;o__uncultured;f__uncultured;g__uncultured;s__	0.7937732057084756
d4fa6332fcf19768ba195c97e5dc308b	d__Archaea;p__Crenarchaeota;c__Nitrososphaeria;o__Nitrososphaerales;f__Nitrososphaeraceae;g__Candidatus_Nitrososphaera;s__	0.99676689653927
33390be9f1f70e7d927c8de364202b75	d__Bacteria;p__Proteobacteria;c__Gammaproteobacteria	0.9971244677210162
94e5461d57e7d68ffef56a756aaa0722	d__Bacteria;p__Actinobacteriota;c__Actinobacteria;o__Propionibacteriales;f__Nocardioidaceae;g__Kribbella;s__	0.995064673869758
113b3757f4f36b6695e6fa28661efb49	d__Bacteria;p__Gemmatimonadota;c__AKAU4049;o__AKAU4049;f__AKAU4049;g__AKAU4049;s__	0.9535817329694712
1e3c8995d94b69cd579f4a4faf9c9866	d__Bacteria;p__Chloroflexi;c__TK10;o__TK10;f__TK10;g__TK10;s__	0.9977450767543854
2ab4312ca071f70e63ec20ad48b9067f	d__Bacteria;p__Actinobacteriota;c__Rubrobacteria;o__Rubrobacterales;f__Rubrobacteriaceae;g__Rubrobacter;s__	0.9999867873943813
7c5a31988630a53fb94006b9b99080d1	d__Bacteria;p__Actinobacteriota;c__Thermoleophilia;o__Solirubrobacterales;f__67-14;g__67-14;s__	0.8176987113818379
362cc06990c9c3ba27c839d8e25505ea	d__Bacteria;p__Actinobacteriota;c__Actinobacteria;o__Propionibacteriales;f__Nocardioidaceae;g__Nocardioides;s__	0.9973580153163072
5e41a34414d1dc7d2b00b513b62e19d5	d__Bacteria;p__Actinobacteriota;c__Thermoleophilia;o__Solirubrobacterales	0.9629986139369395
dc71e37636d34a8fe5d406127ef4c7a9	d__Bacteria;p__Actinobacteriota;c__Actinobacteria;o__Pseudonocardiales;f__Pseudonocardiaceae;g__Amycolatopsis;s__	0.9915897569704776
79fceab4210680594e1d67908b3f916d	d__Archaea;p__Crenarchaeota;c__Nitrososphaeria;o__Nitrososphaerales;f__Nitrososphaeraceae;g__Nitrososphaeraceae;s__	0.946713715537603
c58d52926eceee08f400001aaf5dabb1	d__Bacteria;p__Actinobacteriota;c__Thermoleophilia;o__Solirubrobacterales;f__67-14;g__67-14;s__	0.9430405312343978
96e2044bcf16219eb5a8f559f18e5ee4	d__Bacteria;p__Actinobacteriota;c__Actinobacteria;o__0319-7L14;f__0319-7L14;g__0319-7L14;s__	0.9819420583357056
4fe87e35cf7ae713757eba128fee8fb9	d__Bacteria;p__Chloroflexi;c__KD4-96;o__KD4-96;f__KD4-96;g__KD4-96;s__	0.9999648258894036
d768b66dd152f15727be65d33bb9ca5e	d__Bacteria;p__Bacteroidota;c__Bacteroidia;o__Sphingobacteriales;f__Sphingobacteriaceae;g__Mucilaginibacter;s__	0.9933847641683529
c434ee7f909f455fc2109ef1f741a2d4	d__Bacteria;p__Actinobacteriota;c__Actinobacteria;o__Pseudonocardiales;f__Pseudonocardiaceae;g__Crossiella;s__	0.9930283205563231
eaa0991aa08140f1d6317dd793953657	d__Bacteria;p__Actinobacteriota;c__Actinobacteria;o__Euzebyales;f__Euzebyaceae;g__uncultured;s__	0.9988671206968771
a7fb4b2b79be3e851a32cc21d3a63e51	d__Bacteria;p__Actinobacteriota;c__Thermoleophilia;o__Gaiellales;f__uncultured;g__uncultured;s__	0.9575786889090795
0b04c9afd8aa284f2791a1513cc7ba8e	d__Bacteria;p__Actinobacteriota;c__Rubrobacteria;o__Rubrobacterales;f__Rubrobacteriaceae;g__Rubrobacter;s__	0.9999849360053085
17aeabe1a0d5f4caa7bf826d8d317d47	d__Bacteria;p__Actinobacteriota;c__Thermoleophilia;o__Solirubrobacterales;f__Solirubrobacteraceae;g__Solirubrobacter;s__	0.9983720131067916
6d5168da22826326f246aaa633a71efa	d__Bacteria;p__Proteobacteria;c__Alphaproteobacteria;o__Sphingomonadales;f__Sphingomonadaceae;g__Sphingomonas;s__	0.894852577199595
63e25221d1677ee99ea37213124ea3b0	d__Bacteria;p__Gemmatimonadota;c__Gemmatimonadetes;o__Gemmatimonadales;f__Gemmatimonadaceae;g__uncultured;s__	0.9983305061090233
0bbf87852ed648b187c1335890284295	d__Bacteria;p__Proteobacteria;c__Gammaproteobacteria;o__Burkholderiales;f__Burkholderiaceae;g__Ralstonia;s__	0.9472754561621621
180a675223033d13541df0d608ae20b5	d__Bacteria;p__Actinobacteriota;c__Thermoleophilia;o__Solirubrobacterales;f__Solirubrobacteraceae	0.9959495017084931
9049c405b6a27f610c16aaea6d2f7f4c	d__Bacteria;p__Actinobacteriota;c__Actinobacteria;o__Pseudonocardiales;f__Pseudonocardiaceae;g__Crossiella;s__	0.9282327299554246
cdb9c0ee3bba4c3d8b9292eb575bd9e3	d__Bacteria;p__Chloroflexi;c__Chloroflexia;o__Thermomicrobiales;f__JG30-KF-CM45;g__JG30-KF-CM45;s__	0.9999345826695464
6e73b95574f54ef70715ccc96cdb3ef9	d__Bacteria;p__Gemmatimonadota;c__Gemmatimonadetes;o__Gemmatimonadales;f__Gemmatimonadaceae;g__uncultured;s__	0.9427874777176712
8b61d2481ea4f91ce57fee2cb1ff46dc	d__Bacteria;p__Actinobacteriota;c__Thermoleophilia;o__Gaiellales;f__uncultured;g__uncultured;s__	0.8701042886324626
830fc971dc2fe4c97ba50483d6ec374f	d__Bacteria;p__Acidobacteriota;c__Vicinamibacteria;o__Vicinamibacterales;f__Vicinamibacteraceae;g__Vicinamibacteraceae;s__	0.9573537511584639
8d0ef18ec87e81bbb286975b9b0cb5b6	d__Bacteria;p__Actinobacteriota;c__Thermoleophilia;o__Gaiellales;f__uncultured;g__uncultured;s__	0.980670501859248
86b4c22b3bcd88d95151325f471af4c4	d__Bacteria;p__Proteobacteria;c__Gammaproteobacteria;o__Nitrosococcales;f__Nitrosococcaceae;g__wb1-P19;s__	0.9307997665659177
292ef3a2e47a4e1c0e0b89328d744cc6	d__Bacteria;p__Bacteroidota;c__Bacteroidia;o__Chitinophagales;f__Chitinophagaceae;g__uncultured;s__	0.904344021693368
f77f18f0a3864d8fa785b975c6fbf589	d__Bacteria;p__Planctomycetota;c__Planctomycetes;o__Pirellulales;f__Pirellulaceae;g__Pirellula;s__	0.9903439374013887
36d7b8858f827f262648ada3d61ca404	d__Bacteria;p__Gemmatimonadota;c__S0134_terrestrial_group;o__S0134_terrestrial_group;f__S0134_terrestrial_group;g__S0134_terrestrial_group;s__	0.993177137517367
eca70148b76b359c1623a7c1fdbdce6d	d__Bacteria;p__Actinobacteriota;c__Thermoleophilia;o__Solirubrobacterales;f__67-14;g__67-14;s__	0.9534718063517883
c80eefe57cea83f938da13e296d5caf1	d__Bacteria;p__Acidobacteriota;c__Vicinamibacteria;o__Vicinamibacterales;f__uncultured;g__uncultured;s__	0.9749490134496647
fd34433c893c28ff8708eaaf45d68549	d__Bacteria;p__Gemmatimonadota;c__S0134_terrestrial_group;o__S0134_terrestrial_group;f__S0134_terrestrial_group;g__S0134_terrestrial_group;s__	0.9984531131573784
bbd8b8cdb4ed2207f189cdc5944a7831	d__Bacteria;p__Bacteroidota;c__Bacteroidia;o__Chitinophagales;f__Chitinophagaceae	0.9999858147094849
9e95614b6bf363a2ea3f734f09288877	d__Bacteria;p__Gemmatimonadota;c__Gemmatimonadetes;o__Gemmatimonadales;f__Gemmatimonadaceae	0.9997394535351679
7c165fe0e21b3ede14a5ddfb296474cf	d__Bacteria;p__Chloroflexi;c__Gitt-GS-136;o__Gitt-GS-136;f__Gitt-GS-136;g__Gitt-GS-136;s__	0.999989243329382
3f67b844e7c311462ac34b66a7faab31	d__Bacteria;p__Firmicutes;c__Bacilli;o__Bacillales;f__Bacillaceae	0.9381628737379742
e4428584f56dad3be647b257fce5e14a	d__Bacteria;p__Actinobacteriota;c__Thermoleophilia;o__Solirubrobacterales	0.9925725627672386
cbbd011433b56517314dd029762af40a	d__Bacteria;p__Firmicutes;c__Bacilli;o__Bacillales;f__Bacillaceae;g__Falsibacillus;s__	0.7348175463360498
93ab53a3537cbdd0dd5e1755cf9fd6fa	d__Bacteria;p__Firmicutes;c__Bacilli;o__Bacillales;f__Bacillaceae;g__Falsibacillus;s__	0.792689118081329
0a8643c6fa6a3116af8d26ddb615be4c	d__Bacteria;p__Chloroflexi;c__KD4-96;o__KD4-96;f__KD4-96;g__KD4-96;s__	0.9992826414585328
e8c1c4a847f98b4f68598db9fa173467	d__Bacteria;p__Actinobacteriota;c__Thermoleophilia;o__Gaiellales;f__Gaiellaceae;g__Gaiella;s__	0.9845519707014068
34b80770a246dd03292ef309d1fb719b	d__Bacteria;p__Actinobacteriota;c__Thermoleophilia;o__Solirubrobacterales;f__Solirubrobacteraceae	0.9444663180085122
19a3f449369bf77de0175f8316d44d6d	d__Bacteria;p__Acidobacteriota;c__Vicinamibacteria;o__Vicinamibacterales;f__uncultured;g__uncultured;s__	0.9935929599946745
33d3bca1962c4b739138de9fdb847f40	d__Bacteria;p__Actinobacteriota;c__Thermoleophilia;o__Gaiellales	0.9999919656293311
a32c14d3234536698a8d2ba0678cdbfa	d__Bacteria;p__Verrucomicrobiota;c__Verrucomicrobiae;o__Chthoniobacterales;f__Chthoniobacteraceae;g__Chthoniobacter;s__	0.9993331782476154
34da5e0f4dfccc93a0948faa5023c24c	d__Bacteria;p__Chloroflexi	0.9484062855871449
fad7959733a200344fe5a2a9f6252f81	d__Bacteria;p__Actinobacteriota;c__Actinobacteria;o__Frankiales;f__Geodermatophilaceae;g__Blastococcus;s__	0.9959621209023607
21ed96b7c0f4c38d7ab1b060166cce4c	d__Bacteria;p__Gemmatimonadota;c__Longimicrobia;o__Longimicrobiales;f__Longimicrobiaceae;g__Longimicrobiaceae;s__	0.7736881118020021
e64d870f57288ad0e8bd4da2d353bf90	d__Bacteria;p__Chloroflexi;c__TK10;o__TK10;f__TK10;g__TK10;s__	0.9855532465616953
eb175b48283334e153cd542b1756a647	d__Bacteria;p__Firmicutes;c__Bacilli;o__Bacillales	0.8327719706503822
11f7b172e09b77715d3bb2175a40b409	d__Bacteria;p__Proteobacteria;c__Gammaproteobacteria;o__Nitrosococcales;f__Nitrosococcaceae;g__wb1-P19;s__	0.9555559318500146
a276f8620bf3ebe899a7b3a4f521385b	d__Bacteria;p__Actinobacteriota;c__Rubrobacteria;o__Rubrobacterales;f__Rubrobacteriaceae;g__Rubrobacter;s__	0.9999440675034272
1bc4230cb79eac2099b51c52fd0db9a1	d__Bacteria;p__Gemmatimonadota;c__Longimicrobia;o__Longimicrobiales;f__Longimicrobiaceae	0.9794650598253055
8800bca0dea2ed79f023f3e709b19076	d__Bacteria;p__Proteobacteria;c__Gammaproteobacteria	0.995374730025691
86681a78a912b075b6090d360c005f62	d__Bacteria;p__Gemmatimonadota;c__Gemmatimonadetes;o__Gemmatimonadales;f__Gemmatimonadaceae;g__uncultured;s__	0.7956281036785706
778ba5288d78faebb7ff5710d73b7d28	d__Bacteria;p__Actinobacteriota;c__MB-A2-108;o__MB-A2-108;f__MB-A2-108;g__MB-A2-108;s__	0.7937660849691858
6aaa0a3e389a330ab0dc9f688e2493dc	d__Bacteria;p__Acidobacteriota;c__Blastocatellia;o__Pyrinomonadales;f__Pyrinomonadaceae;g__RB41;s__	0.9516194547462447
36d3b99cbc044e1531dc21fb94159f72	d__Archaea;p__Crenarchaeota;c__Nitrososphaeria;o__Nitrososphaerales;f__Nitrososphaeraceae;g__Nitrososphaeraceae;s__	0.8801120253310618
1694836fc379411d2b9aa087d68d571b	d__Bacteria;p__Proteobacteria;c__Gammaproteobacteria;o__Nitrosococcales;f__Nitrosococcaceae;g__wb1-P19;s__	0.9860247059367169
ee1137d36e78789d37d5a5d40902abe7	d__Bacteria;p__Acidobacteriota;c__Vicinamibacteria;o__Vicinamibacterales;f__uncultured;g__uncultured;s__	0.981057885895715
c871c1d62ef0d097c32bfe83d666f613	d__Bacteria;p__Actinobacteriota;c__Actinobacteria;o__Frankiales;f__Geodermatophilaceae	0.9990867855195141
6c498e15165bcab4442f6e99135bcbb7	d__Bacteria;p__Proteobacteria;c__Gammaproteobacteria	0.993257915173148
b65d67bf1cf90c3fcd9868edc2f35454	d__Bacteria;p__Actinobacteriota;c__MB-A2-108;o__MB-A2-108;f__MB-A2-108;g__MB-A2-108;s__	0.9968548400418652
5ad30b3820e60e8bd5048ab0a31ad4be	d__Bacteria;p__Actinobacteriota;c__Actinobacteria;o__Pseudonocardiales;f__Pseudonocardiaceae;g__Crossiella;s__	0.7054669566038764
339d6586e8f60cb4e69f494c5c6263ad	d__Bacteria;p__Chloroflexi;c__KD4-96;o__KD4-96;f__KD4-96;g__KD4-96;s__	0.9994726100540111
249f6b48c028f8d074f9cd6078c8047f	d__Bacteria;p__Verrucomicrobiota;c__Verrucomicrobiae;o__Chthoniobacterales;f__Chthoniobacteraceae;g__Candidatus_Udaeobacter;s__	0.9999868454523471
f3b015e043182ca0ab424c5577060a60	d__Bacteria;p__Planctomycetota;c__Planctomycetes;o__Pirellulales;f__Pirellulaceae;g__uncultured;s__	0.8309186211035888
cecd91fbd9e6e5af849a4dce40a764bf	d__Bacteria;p__Actinobacteriota;c__Thermoleophilia;o__Solirubrobacterales;f__Solirubrobacteraceae	0.958357214292176
dd93b7c2cfc81702ff108081df57f1e8	d__Bacteria;p__Verrucomicrobiota;c__Verrucomicrobiae;o__Opitutales;f__Opitutaceae	0.9999996776186946
e83a76f08c138356547feff3cac7a69b	d__Bacteria;p__Actinobacteriota;c__Rubrobacteria;o__Rubrobacterales;f__Rubrobacteriaceae;g__Rubrobacter;s__	0.9999871490232646
77bcdf88d2c3bc69b5ebe95e71a26d0f	d__Bacteria;p__Proteobacteria;c__Alphaproteobacteria;o__Rhizobiales;f__uncultured;g__uncultured;s__	0.9914193615339192
f3d73d44a1d5e0ff2f602d0628097f7e	d__Bacteria;p__Proteobacteria;c__Alphaproteobacteria;o__Rhizobiales;f__Beijerinckiaceae	0.99995054095947
a71ea3c18529e24f7af6a0332c1d821f	d__Bacteria;p__Acidobacteriota;c__Blastocatellia;o__Pyrinomonadales;f__Pyrinomonadaceae;g__RB41;s__	0.9686623320245901
de2001e75fe8fbf7ce7ec71eb3f8e006	d__Bacteria;p__Firmicutes;c__Bacilli;o__Paenibacillales;f__Paenibacillaceae;g__Paenibacillus;s__	0.9403659600660854
f9c93ccfdaccc1f8111dea02735ff80a	d__Bacteria;p__Actinobacteriota;c__Thermoleophilia;o__Gaiellales;f__Gaiellaceae;g__Gaiella;s__	0.7648259691345395
e39027f469a662f3bd97426c85cbdc2a	d__Bacteria;p__Chloroflexi;c__Gitt-GS-136;o__Gitt-GS-136;f__Gitt-GS-136;g__Gitt-GS-136;s__	0.9999620551879368
d40d9c77f1b6732a662036bc63e59005	d__Bacteria;p__Actinobacteriota;c__Thermoleophilia;o__Gaiellales;f__uncultured;g__uncultured;s__	0.9023831486659969
572fae1b6162356f463e11724a2527d9	d__Bacteria;p__Chloroflexi;c__KD4-96;o__KD4-96;f__KD4-96;g__KD4-96;s__	0.9937782801533827
bad29d66c226d1a22cfa85d3ce66a590	d__Bacteria;p__Chloroflexi;c__JG30-KF-CM66;o__JG30-KF-CM66;f__JG30-KF-CM66;g__JG30-KF-CM66;s__	0.8622465979789323
dce525ae8fed68037ebdc19910f48031	d__Bacteria;p__Bacteroidota;c__Bacteroidia;o__Chitinophagales;f__Chitinophagaceae	0.9985748994907837
fd0b640e828fd046a67caa2ec5d41b1b	d__Bacteria;p__Chloroflexi	0.9518881723635608
8e07b98e4277f8ea22d469fad024fa4c	d__Bacteria;p__Proteobacteria;c__Alphaproteobacteria;o__Rhizobiales;f__Beijerinckiaceae;g__Microvirga;s__	0.9984309626997343
e2b3c5ef478cae4cbabc7577bf139645	d__Bacteria;p__Actinobacteriota;c__Actinobacteria;o__Propionibacteriales;f__Nocardioidaceae;g__Marmoricola;s__	0.9261961210280668
f4cf40ae85388dc2132e21016fc061cf	d__Bacteria;p__Actinobacteriota;c__MB-A2-108;o__MB-A2-108;f__MB-A2-108;g__MB-A2-108;s__	0.9993618989669398
a36b38f754f6abd278aeb9dbc7696343	d__Bacteria;p__Actinobacteriota;c__Rubrobacteria;o__Rubrobacterales;f__Rubrobacteriaceae;g__Rubrobacter;s__	0.9999943642431436
d2db49ce71732ae4c93d142bd94962f9	d__Bacteria;p__Proteobacteria;c__Gammaproteobacteria	0.9979395571238237
909a70a86753f6931a4d8d322994cd65	d__Bacteria;p__Proteobacteria;c__Gammaproteobacteria;o__Steroidobacterales;f__Steroidobacteraceae;g__Steroidobacter;s__	0.8570546068752409
c8cf584552b77e8e4f1a00423c811d85	d__Bacteria;p__Acidobacteriota;c__Blastocatellia;o__Pyrinomonadales;f__Pyrinomonadaceae;g__RB41;s__	0.9802432865068955
0a1f6c0f54375fb8806b041c38cd9d9b	d__Bacteria;p__Actinobacteriota;c__Thermoleophilia;o__Solirubrobacterales;f__67-14;g__67-14;s__	0.8794030538060085
ef559f4ca230f775f7b8e4b440a63e4d	d__Bacteria;p__Chloroflexi;c__Chloroflexia;o__Thermomicrobiales;f__Thermomicrobiaceae	0.9277094864923556
82d467178b08a16b3c03200879a43616	d__Bacteria;p__Verrucomicrobiota;c__Verrucomicrobiae;o__Chthoniobacterales;f__Chthoniobacteraceae;g__Candidatus_Udaeobacter;s__	0.9921571626938676
a31129790222b7c4ce75b0260184fffb	d__Bacteria;p__Actinobacteriota;c__Thermoleophilia;o__Solirubrobacterales	0.9598054186969003
50c94f09145960b1bfb23aca6ee1d2a1	d__Bacteria;p__Actinobacteriota;c__Acidimicrobiia	0.8150756727107231
bf6fd6f2151586d8886595be29efe801	d__Bacteria;p__Actinobacteriota;c__Actinobacteria;o__Propionibacteriales;f__Nocardioidaceae;g__Kribbella;s__	0.9999855863617986
89cb1ddf89dcf11d86f725dbcaa9a5ce	d__Bacteria;p__Proteobacteria;c__Alphaproteobacteria;o__Reyranellales;f__Reyranellaceae;g__Reyranella;s__	0.9999999064534721
4c8ff0ea98d2c0ebb486e33bd96c61f9	d__Bacteria;p__Proteobacteria;c__Gammaproteobacteria;o__Steroidobacterales;f__Steroidobacteraceae	0.9998916228200838
21f633e4011015810024534352ba4290	d__Bacteria	0.9873790872866435
327036fa74ae4d8c96f25077f080a813	d__Bacteria;p__Actinobacteriota;c__Thermoleophilia;o__Gaiellales;f__Gaiellales;g__Gaiellales;s__	0.997389194558534
fa1dc6427d18aaf77e40e39134ed4350	d__Bacteria;p__Actinobacteriota;c__Thermoleophilia;o__Gaiellales;f__uncultured;g__uncultured;s__	0.9889976030317024
e3c8ba9699934b10ac2932d8be1c01cc	d__Bacteria;p__Actinobacteriota;c__Thermoleophilia;o__Solirubrobacterales	0.9055484626150536
41a82ce89293bfae7d194fa279efebbc	d__Bacteria;p__Bacteroidota;c__Bacteroidia;o__Chitinophagales;f__Chitinophagaceae;g__Segetibacter;s__	0.9987684679500186
a0af896969eb97000624ac09333cf98c	d__Bacteria;p__Actinobacteriota;c__Thermoleophilia;o__Solirubrobacterales;f__67-14;g__67-14;s__	0.9519940182852584
6aae0e15833d1c9e5eb9e1bdbcbfc5f9	d__Bacteria	0.9992778978658555
ca35d5629f786b77e5e3f4c41362a050	d__Bacteria;p__Bacteroidota;c__Bacteroidia;o__Chitinophagales;f__Chitinophagaceae	0.9999912444794137
93a0ad94045481f3d1d46692f1414054	d__Bacteria;p__Acidobacteriota;c__Holophagae;o__Subgroup_7;f__Subgroup_7;g__Subgroup_7;s__	0.9983574763150254
0aa3da9b6eafa2cdd38a11ce20886dd8	d__Bacteria;p__Proteobacteria;c__Gammaproteobacteria;o__Nitrosococcales;f__Nitrosococcaceae;g__SZB85;s__	0.9397243838925217
ffd60d684f32e6fd5b47fe90095f9d34	d__Bacteria;p__Actinobacteriota;c__Thermoleophilia;o__Solirubrobacterales	0.9116908463132576
5e5d62ff0060be124a8d39221f492e6a	d__Bacteria;p__Chloroflexi;c__KD4-96;o__KD4-96;f__KD4-96;g__KD4-96;s__	0.9983284567305326
e2eea174f42cec1730a29e85e032fd98	d__Bacteria;p__Actinobacteriota;c__Actinobacteria;o__Pseudonocardiales;f__Pseudonocardiaceae;g__Crossiella;s__	0.8992806199556436
366e4e1fa7fedeef5b48b920dd58b29d	d__Bacteria;p__Actinobacteriota;c__Thermoleophilia;o__Solirubrobacterales;f__Solirubrobacteraceae	0.9664554608986198
f253a174317ecf31cfbfb9685e204e3e	d__Bacteria;p__Acidobacteriota;c__Blastocatellia;o__Blastocatellales;f__Blastocatellaceae;g__Stenotrophobacter;s__	0.9070525320651234
3ae61b35a6b50748cf7a1a74e608c013	d__Bacteria;p__Acidobacteriota;c__Blastocatellia;o__Pyrinomonadales;f__Pyrinomonadaceae;g__RB41;s__	0.8573430020774876
21449492f1325dc7fab32e2109758c15	d__Bacteria;p__Actinobacteriota;c__Actinobacteria;o__Pseudonocardiales;f__Pseudonocardiaceae;g__Crossiella;s__	0.9609935619365972
a77b7bce353a38b1216810ecdaaed1d6	d__Bacteria	0.9990425405856014
dcfc57e02b7eaa0aeae68f16820667b2	d__Bacteria;p__Proteobacteria;c__Alphaproteobacteria;o__Elsterales;f__uncultured;g__uncultured;s__	0.990227860101409
e78d26880b250e90d456461d3248666f	d__Bacteria;p__Acidobacteriota;c__Blastocatellia;o__Blastocatellales;f__Blastocatellaceae	0.9997211063427949
6b780e361cfc5f06def718518324bdcb	d__Bacteria;p__Actinobacteriota;c__Actinobacteria;o__Micrococcales;f__Micrococcaceae	0.9998565595152696
a6040fe8687b5cfc0e76f7030a94d7ac	d__Bacteria;p__Chloroflexi;c__Gitt-GS-136;o__Gitt-GS-136;f__Gitt-GS-136;g__Gitt-GS-136;s__	0.9999715780071884
79a27563922626043e5d5e2f018184ec	d__Bacteria;p__Proteobacteria;c__Gammaproteobacteria	0.9965079615317904
d6d5efaea4b864401cf971d7d3de63d7	d__Bacteria;p__Acidobacteriota;c__Vicinamibacteria;o__Vicinamibacterales;f__uncultured;g__uncultured;s__	0.992188611393249
95f85b31b6d22bec1f34814fa2b4c100	d__Bacteria;p__Actinobacteriota;c__Thermoleophilia;o__Solirubrobacterales;f__67-14;g__67-14;s__	0.9048502789804445
611d1e5a084ae527968cb915e43a4364	d__Bacteria;p__Verrucomicrobiota;c__Verrucomicrobiae;o__Chthoniobacterales;f__Chthoniobacteraceae;g__Candidatus_Udaeobacter;s__	0.9999422105921925
c524ac41b7dc1cf61adcd13484ccc932	d__Bacteria;p__Actinobacteriota;c__Thermoleophilia;o__Solirubrobacterales;f__67-14;g__67-14;s__	0.7007164665997665
fd5c78994a565d90a1e213dce8aea9b5	d__Archaea;p__Crenarchaeota;c__Nitrososphaeria;o__Nitrososphaerales;f__Nitrososphaeraceae;g__Nitrososphaeraceae;s__	0.8935498490423964
5896131fde525781f96eb1bdbf5dfd41	d__Bacteria;p__Chloroflexi;c__TK10;o__TK10;f__TK10;g__TK10;s__	0.990314061675813
caee5146b2444b3aae59711847e9f44a	d__Archaea;p__Crenarchaeota;c__Nitrososphaeria;o__Nitrososphaerales;f__Nitrososphaeraceae;g__Candidatus_Nitrocosmicus;s__	0.8444604581196525
42db26c2c81f1d89d295d759f0490177	d__Bacteria;p__Proteobacteria;c__Gammaproteobacteria;o__Nitrosococcales;f__Nitrosococcaceae;g__wb1-P19;s__	0.9731321873786001
e3deecc9dcccf2221ef418bb090f1605	d__Bacteria;p__Gemmatimonadota;c__Gemmatimonadetes;o__Gemmatimonadales;f__Gemmatimonadaceae;g__Gemmatimonas;s__	0.9928502697794364
31f45031a1cc37f89cfac0fa4a52f142	d__Bacteria;p__Actinobacteriota;c__Actinobacteria;o__0319-7L14;f__0319-7L14;g__0319-7L14;s__	0.9981171335017889
0770e9f8de867f0b493e38ea418bc8ad	d__Bacteria;p__Gemmatimonadota;c__Gemmatimonadetes;o__Gemmatimonadales;f__Gemmatimonadaceae;g__uncultured;s__	0.825304339950114
ff210967ebd9d801c673d9ce599cd94d	d__Bacteria;p__Actinobacteriota;c__Thermoleophilia;o__Gaiellales;f__Gaiellaceae;g__Gaiella;s__	0.8894202876185953
57d7931540d74e9617de314b1707033b	d__Bacteria;p__Proteobacteria;c__Gammaproteobacteria;o__Burkholderiales;f__uncultured;g__uncultured;s__	0.9932626251921882
5c78314ff92e6fec9aa07acc1fa0dc24	d__Bacteria;p__Proteobacteria;c__Alphaproteobacteria;o__Rhizobiales;f__Xanthobacteraceae	0.9999956431377579
113e8d70aa42302bb2568a7d676b1a05	d__Bacteria;p__Actinobacteriota;c__Thermoleophilia;o__Gaiellales;f__uncultured;g__uncultured;s__	0.9470384240168273
a56b903521b8ab33a7878b35582803a8	d__Archaea;p__Crenarchaeota;c__Nitrososphaeria;o__Nitrososphaerales;f__Nitrososphaeraceae;g__Candidatus_Nitrososphaera;s__	0.999241901129822
5c544006a016d76e2414ed00b4585ae5	d__Bacteria;p__Actinobacteriota;c__Actinobacteria;o__Streptomycetales;f__Streptomycetaceae	0.999986927245617
55095e7792a8354ba8acd1f954a93e35	d__Bacteria;p__Actinobacteriota;c__Thermoleophilia;o__Solirubrobacterales;f__Solirubrobacteraceae	0.7665119494634913
137b99f91e5e420832b5c3ae75a12a45	d__Bacteria;p__Actinobacteriota;c__Acidimicrobiia;o__uncultured;f__uncultured;g__uncultured;s__	0.9244327049400812
29b4b85879d0c908835a2c655cd82b76	d__Bacteria;p__Firmicutes;c__Bacilli;o__Bacillales;f__Bacillaceae;g__Falsibacillus;s__	0.8926512251201011
6005352a31338c68bafbc02b14883154	d__Bacteria;p__Actinobacteriota;c__Thermoleophilia;o__Gaiellales;f__uncultured;g__uncultured;s__	0.9915418650999769
7cfa56287d6fb823d2fd8039bdfd253c	d__Bacteria;p__Methylomirabilota;c__Methylomirabilia;o__Rokubacteriales;f__Rokubacteriales;g__Rokubacteriales;s__	0.9999946174763373
c77393c0daa9084c63a3d561f649094f	d__Bacteria;p__Actinobacteriota;c__MB-A2-108;o__MB-A2-108;f__MB-A2-108;g__MB-A2-108;s__	0.9907394203026322
e753b55712dff134f396d7467e0e7f66	d__Bacteria	0.9993227348056142
464692fadbd6a8f8074936b2acf6e500	d__Bacteria;p__Chloroflexi;c__KD4-96;o__KD4-96;f__KD4-96;g__KD4-96;s__	0.9997261164681784
3713227d2c1eca7d284d418c87b2624c	d__Archaea;p__Crenarchaeota;c__Nitrososphaeria;o__Nitrososphaerales;f__Nitrososphaeraceae;g__Nitrososphaeraceae;s__	0.9982771383887338
abb8cb28628ba07894f861ff0ee50d9a	d__Bacteria;p__Proteobacteria;c__Alphaproteobacteria;o__Rhizobiales;f__Beijerinckiaceae;g__Methylocapsa;s__	0.754426146534341
f2e9c4d09183997ce7cdab5a93686b4c	d__Bacteria;p__Gemmatimonadota;c__Gemmatimonadetes;o__Gemmatimonadales;f__Gemmatimonadaceae;g__uncultured;s__	0.9989145630991719
96cbccca68ad868a78bb0604e4a41cf5	d__Bacteria;p__Proteobacteria;c__Gammaproteobacteria;o__Nitrosococcales;f__Nitrosococcaceae;g__wb1-P19;s__	0.9739753301195805
c7ca39fd6b3828a2793bd6b40417c18b	d__Bacteria;p__Actinobacteriota;c__Acidimicrobiia;o__IMCC26256;f__IMCC26256;g__IMCC26256;s__	0.930421175437583
26671597b7416543f199b482648d64d3	d__Bacteria;p__Proteobacteria;c__Gammaproteobacteria;o__Burkholderiales	0.9999999736943693
98f1f1c698492e949541239e199f49db	d__Bacteria;p__Actinobacteriota;c__MB-A2-108;o__MB-A2-108;f__MB-A2-108;g__MB-A2-108;s__	0.9974476839144585
5913cb8c8df6c73722bb3baa1cf48d7f	d__Bacteria;p__Chloroflexi;c__KD4-96;o__KD4-96;f__KD4-96;g__KD4-96;s__	0.9997652820054653
f12106963444363c13bdcb276d1c8e5c	d__Bacteria;p__Actinobacteriota;c__Actinobacteria;o__Streptomycetales;f__Streptomycetaceae;g__Streptomyces;s__	0.7663312837738754
2a18c36a673194fff919cc5a2d8de02f	d__Bacteria;p__Actinobacteriota;c__Actinobacteria;o__Propionibacteriales;f__Nocardioidaceae	0.8270627942384909
469da4d585c22d67a6ac0b392a1b9586	d__Bacteria;p__Actinobacteriota;c__Actinobacteria;o__Nitriliruptorales;f__Nitriliruptoraceae;g__Nitriliruptoraceae;s__	0.8625214166100684
1cc8550171d041ee01100ecd7f284593	d__Bacteria;p__Proteobacteria;c__Gammaproteobacteria	0.9978182075739841
00342a5e7d5cd2695652a77105dfc91c	d__Bacteria;p__Actinobacteriota;c__Thermoleophilia	0.9996975196610776
29e0eec3e07dc8861eb523f0f775e6d7	d__Bacteria;p__Actinobacteriota;c__Actinobacteria;o__Streptomycetales;f__Streptomycetaceae	0.9972461639316964
029f38558c12daad433d88f336cb26b5	d__Bacteria;p__Actinobacteriota;c__MB-A2-108;o__MB-A2-108;f__MB-A2-108;g__MB-A2-108;s__	0.9637031460799859
d8ffb44ef64f7589f69f8ade1a4f79d8	d__Archaea;p__Thermoplasmatota;c__Thermoplasmata;o__uncultured;f__uncultured;g__uncultured;s__	0.90852104830585
16a93695ea36229ee3575fe19239d080	d__Bacteria;p__Chloroflexi;c__Gitt-GS-136;o__Gitt-GS-136;f__Gitt-GS-136;g__Gitt-GS-136;s__	0.9998182523710437
e065724da228309dc4d84627694d476f	d__Bacteria;p__Actinobacteriota;c__Thermoleophilia;o__Gaiellales;f__uncultured;g__uncultured;s__	0.8542804617398949
