sample_id,Atacama_ASV_01,Atacama_ASV_02,Atacama_ASV_03,Atacama_ASV_04,Atacama_ASV_05,Atacama_ASV_06,Atacama_ASV_07,Atacama_ASV_08,Atacama_ASV_09,Atacama_ASV_10,Atacama_ASV_11,Atacama_ASV_12,Atacama_ASV_13,Atacama_ASV_14,Atacama_ASV_15,Atacama_ASV_16,Atacama_ASV_17,Atacama_ASV_18,Atacama_ASV_19,Atacama_ASV_20,Other,total_reads
BAQ2420.1.1,0.0,0.0,30.27027,0.0,0.0,8.10811,0.0,0.0,0.0,0.0,0.0,0.0,0.0,3.78378,0.0,0.0,0.0,0.0,0.0,0.0,57.83784,185
BAQ2420.1.2,0.0,0.0,0.0,0.0,0.0,0.0,0.0,0.0,0.0,0.0,0.0,6.12245,0.0,0.0,0.0,0.0,0.0,0.0,0.0,0.0,93.87755,294
BAQ2420.1.3,0.0,3.87097,0.0,0.0,0.0,0.0,0.0,0.0,0.0,0.0,0.0,0.0,0.0,0.0,0.0,0.0,0.0,0.0,0.0,0.0,96.12903,310
BAQ2420.2,0.0,0.0,0.0,0.0,0.0,0.0,0.0,4.72973,0.0,4.05405,0.0,4.39189,0.0,0.0,0.0,0.0,0.0,0.0,0.0,0.0,86.82432,296
BAQ2420.3,0.0,0.0,9.17874,0.0,14.49275,0.0,0.0,0.0,0.0,0.0,0.0,0.0,0.0,7.72947,0.0,0.0,0.0,0.0,0.0,0.0,68.59903,207
BAQ2462.1,0.0,7.70878,0.0,0.0,6.42398,0.0,0.0,0.0,0.0,35.9743,0.0,0.0,0.0,4.92505,0.0,0.0,0.0,0.0,0.0,0.0,44.96788,467
BAQ2462.2,0.0,0.0,13.10861,0.0,6.36704,0.0,0.0,0.0,0.0,19.85019,0.0,0.0,0.0,14.98127,0.0,0.0,0.0,0.0,0.0,0.0,45.69288,267
BAQ2462.3,0.0,16.66667,18.51852,0.0,6.01852,0.0,0.0,0.0,0.0,0.0,0.0,0.0,0.0,3.24074,0.0,0.0,0.0,0.0,0.0,0.0,55.55556,216
BAQ2687.1,0.0,0.0,0.0,0.0,0.0,0.0,0.0,0.0,0.0,0.0,0.0,0.0,0.0,0.0,0.0,14.66165,0.0,0.0,0.0,11.2782,74.06015,266
BAQ2687.2,0.0,0.0,0.0,0.0,0.0,0.0,0.0,0.0,0.0,0.0,0.0,0.0,0.0,0.0,0.0,0.0,0.0,0.0,0.0,0.0,100.0,379
BAQ2687.3,0.0,0.0,0.0,0.0,0.0,0.0,0.0,0.0,0.0,0.0,0.0,0.0,0.0,0.0,0.0,0.0,0.0,0.0,0.0,0.0,100.0,167
BAQ2838.1,0.0,14.49275,0.0,0.0,0.0,0.0,0.0,0.0,0.0,0.0,0.0,0.0,0.0,0.0,0.0,0.0,7.97101,0.0,0.0,0.0,77.53623,138
BAQ3473.1,0.0,0.0,0.0,51.94274,0.0,0.0,0.0,0.0,0.0,0.0,0.0,0.0,0.0,0.0,0.0,0.0,0.0,0.0,0.0,0.0,48.05726,489
BAQ3473.2,71.48148,0.0,0.0,0.0,0.0,0.0,0.0,0.0,0.0,0.0,0.0,0.0,0.0,0.0,0.0,0.0,0.0,0.0,0.0,0.0,28.51852,270
BAQ3473.3,0.0,0.0,0.0,35.91682,0.0,4.7259,0.0,0.0,0.0,0.0,0.0,0.0,0.0,0.0,0.0,0.0,0.0,0.0,0.0,0.0,59.35728,529
BAQ4166.1.1,0.0,0.0,0.0,0.0,0.0,0.0,0.0,0.0,0.0,0.0,0.0,0.0,0.0,0.0,0.0,12.05479,0.0,0.0,0.0,0.0,87.94521,365
BAQ4166.1.2,0.0,0.0,0.0,17.85714,0.0,0.0,0.0,0.0,0.0,0.0,0.0,0.0,0.0,0.0,0.0,0.0,0.0,0.0,0.0,10.71429,71.42857,392
BAQ4166.1.3,0.0,0.0,0.0,0.0,0.0,0.0,0.0,0.0,0.0,0.0,0.0,0.0,0.0,0.0,0.0,0.0,0.0,0.0,0.0,8.97436,91.02564,390
BAQ4166.2,0.0,0.0,0.0,0.0,0.0,0.0,0.0,0.0,0.0,0.0,0.0,0.0,0.0,0.0,0.0,6.86567,0.0,0.0,3.8806,0.0,89.25373,335
BAQ4166.3,0.0,0.0,0.0,0.0,0.0,45.94595,0.0,0.0,0.0,0.0,0.0,0.0,0.0,0.0,0.0,7.69231,0.0,0.0,1.6632,0.0,44.69854,481
YUN1005.1.1,0.0,0.0,0.0,0.0,0.0,0.0,0.0,0.0,0.0,0.0,0.0,0.0,0.0,0.0,0.0,0.0,0.0,2.94118,0.0,0.0,97.05882,578
YUN1005.3,0.0,0.0,0.0,0.0,0.0,0.0,0.0,0.0,0.0,0.0,0.0,0.0,0.0,0.0,0.0,0.0,0.0,5.39568,0.0,0.0,94.60432,278
YUN1242.1,0.0,0.0,0.0,0.0,0.0,0.0,0.0,0.0,0.0,0.0,0.0,0.0,0.0,0.0,0.0,0.0,0.0,0.0,0.0,0.0,100.0,376
YUN1242.3,0.0,10.83845,7.36196,0.0,0.0,0.0,0.0,0.0,0.0,0.0,0.0,0.0,0.0,3.27198,0.0,0.0,0.0,0.0,0.0,0.0,78.52761,489
YUN1609.1,0.0,61.50538,0.0,0.0,0.0,0.0,0.0,0.0,0.0,0.0,0.0,0.0,7.31183,2.58065,0.0,0.0,11.82796,0.0,0.0,0.0,16.77419,465
YUN2029.2,0.0,0.0,16.99463,0.0,0.0,0.0,0.0,0.0,15.02683,0.0,0.0,0.0,0.0,1.78891,16.81574,0.0,8.22898,11.98569,0.0,0.0,29.15921,559
YUN3153.2,0.0,0.0,0.0,0.0,0.0,0.0,0.0,0.0,0.0,0.0,0.0,0.0,31.05263,0.0,0.0,0.0,0.0,7.36842,0.0,0.0,61.57895,190
YUN3153.3,0.0,0.0,13.77246,0.0,0.0,1.49701,0.0,0.0,5.98802,0.0,0.0,0.0,0.0,1.1976,0.0,0.0,5.98802,12.27545,0.0,0.0,59.28144,334
YUN3259.1.2,0.0,0.0,0.0,0.0,0.0,0.0,0.0,10.0,0.0,0.0,0.0,0.0,0.0,0.0,14.16667,0.0,0.0,0.0,3.61111,0.0,72.22222,360
YUN3259.2,0.0,0.0,0.0,0.0,0.0,10.98901,0.0,0.0,0.0,0.0,0.0,0.0,0.0,0.0,0.0,0.0,0.0,0.0,10.43956,0.0,78.57143,182
YUN3259.3,0.0,0.0,0.0,0.0,0.0,4.38757,0.0,8.77514,40.95064,0.0,0.0,0.0,0.0,0.0,11.15174,0.0,0.0,0.0,0.0,0.0,34.73492,547
YUN3346.1,0.0,0.0,0.0,0.0,0.0,0.0,0.0,28.14815,0.0,0.0,0.0,0.0,0.0,0.0,0.0,0.0,0.0,0.0,0.0,0.0,71.85185,405
YUN3346.3,0.0,0.0,0.0,0.0,0.0,0.0,0.0,10.72386,0.0,0.0,43.96783,0.0,0.0,0.0,0.0,0.0,6.16622,0.0,0.0,0.0,39.14209,373
YUN3428.1,6.93642,0.0,0.0,0.0,0.0,0.0,9.82659,0.0,0.0,0.0,0.0,10.11561,0.0,0.0,0.0,0.0,0.0,0.0,0.0,0.0,73.12139,346
YUN3428.2,0.0,0.0,0.0,0.0,0.0,0.0,0.0,10.72961,0.0,0.0,5.79399,7.51073,0.0,0.0,0.0,0.0,0.0,0.0,0.0,0.0,75.96567,466
YUN3428.3,0.0,0.0,0.0,0.0,0.0,0.0,60.88435,0.0,0.0,0.0,7.48299,6.12245,10.20408,0.0,0.0,0.0,0.0,0.0,0.0,0.0,15.30612,294
YUN3533.1.1,0.0,0.0,0.0,0.0,0.0,0.0,0.0,0.0,0.0,0.0,0.0,0.0,0.0,0.0,0.0,0.0,0.0,0.0,1.83299,0.0,98.16701,491
YUN3533.1.2,49.62217,0.0,0.0,9.3199,0.0,7.30479,0.0,0.0,0.0,0.0,0.0,7.55668,0.0,2.01511,0.0,0.0,0.0,0.0,0.0,0.0,24.18136,397
YUN3533.1.3,48.32041,0.0,0.0,0.0,6.97674,0.0,12.6615,0.0,0.0,0.0,0.0,0.0,0.0,0.0,0.0,0.0,0.0,0.0,0.0,0.0,32.04134,387
YUN3533.2,4.38185,0.0,0.0,0.0,71.04851,0.0,0.0,0.0,0.0,0.0,0.0,0.0,0.0,0.0,0.0,0.0,0.0,0.0,0.0,0.0,24.56964,639
YUN3533.3,10.82949,0.0,0.0,0.0,0.0,5.52995,0.0,0.0,0.0,0.0,0.0,0.0,0.0,0.0,0.0,0.0,0.0,0.0,0.0,0.0,83.64055,434
YUN3856.1.1,0.0,0.0,0.0,0.0,0.0,0.0,0.0,0.0,0.0,0.0,0.0,2.8436,0.0,0.0,0.0,0.0,0.0,0.0,5.92417,0.0,91.23223,422
YUN3856.1.2,51.6,0.0,0.0,0.0,0.0,0.0,0.0,0.0,0.0,0.0,0.0,0.0,0.0,0.0,0.0,0.0,0.0,0.0,2.2,0.0,46.2,500
YUN3856.1.3,0.0,2.90909,0.0,0.0,0.0,0.0,0.0,0.0,0.0,0.0,0.0,0.0,0.0,0.0,0.0,0.0,0.0,0.0,0.0,0.0,97.09091,275
YUN3856.2,40.6,0.0,0.0,0.0,0.0,5.4,0.0,0.0,0.0,0.0,0.0,0.0,0.0,0.0,0.0,0.0,0.0,0.0,0.0,0.0,54.0,500
YUN3856.3,0.0,0.0,8.65225,0.0,0.0,0.0,0.0,0.0,0.0,0.0,0.0,4.6589,0.0,0.0,0.0,0.0,0.0,0.0,1.66389,0.0,85.02496,601
